Model,RMSE,MAE,R2,MAPE
Random Forest,230167.62901807495,161380.38232340274,0.47310770268180113,523.8068930062844
Gradient Boosting,313943.33234725724,239332.8292954964,0.019752170968362903,1051.847924217572
Ridge Regression,390100.9096460359,303461.2692057385,-0.5135169450820012,1259.826270108498
Linear Regression,390929.39810085663,302735.60162000224,-0.5199525253186668,1188.4549298022212
